kind,threshold,pct,K,R_eq,act_fraction,n_seed,frac_activated,frac_peak_active,peak_active,t_peak,n_early,N,seed_x,seed_y,seed_z
loc,0.125,99,0.016996581258701744,7.670421197421994,0.01,100.0,0.9995,0.0486,486.0,383.0,1329.0,10000.0,-2.9891042709350586,-23.80552101135254,1.8283116817474365
loc,0.125,99,0.017841396707678307,7.486616292130617,0.01,100.0,0.9996,0.0504,504.0,354.0,1355.0,10000.0,-7.09150505065918,20.942893981933594,3.2856311798095703
loc,0.125,99,0.015679585967321465,7.986062499765675,0.01,100.0,0.9996,0.052,520.0,354.0,1403.0,10000.0,-3.3055531978607178,20.095239639282227,7.700734615325928
loc,0.125,99,0.0162975856373699,7.833184648611503,0.01,100.0,0.9995,0.0491,491.0,357.0,1369.0,10000.0,2.269907236099243,-22.937021255493164,4.104031562805176
loc,0.125,99,0.01657875911240696,7.7664757282514385,0.01,100.0,0.9998,0.0492,492.0,365.0,1366.0,10000.0,-3.6937530040740967,-22.851293563842773,-3.312788248062134
loc,0.125,95,0.011563250853612152,9.299509155432698,0.01,100.0,0.9995,0.0509,509.0,335.0,1403.0,10000.0,7.058287143707275,-20.48070526123047,-0.29879793524742126
loc,0.125,95,0.011480232398730824,9.333072943916907,0.01,100.0,0.9997,0.0485,485.0,361.0,1340.0,10000.0,-4.1283650398254395,22.61758041381836,3.235865354537964
loc,0.125,95,0.011430134563675098,9.353503829235331,0.01,100.0,0.9997,0.0512,512.0,360.0,1383.0,10000.0,-6.652754783630371,-21.104799270629883,-0.3232559263706207
loc,0.125,95,0.011419061369375899,9.35803783010792,0.01,100.0,0.9999,0.0527,527.0,315.0,1420.0,10000.0,3.8730826377868652,19.803070068359375,-5.407337188720703
loc,0.125,95,0.01145941995470441,9.34154439985213,0.01,100.0,0.9997,0.0521,521.0,359.0,1405.0,10000.0,-0.44567352533340454,-20.418787002563477,7.189228057861328
loc,0.125,90,0.009880416121476538,10.060333601206109,0.01,100.0,0.9998,0.0496,496.0,363.0,1353.0,10000.0,2.967465400695801,-21.864459991455078,5.154096603393555
loc,0.125,90,0.009871017405250189,10.065121948747864,0.01,100.0,1.0,0.0474,474.0,344.0,1367.0,10000.0,-2.778642177581787,23.182727813720703,-0.10755400359630585
loc,0.125,90,0.00988609803393378,10.057442159595062,0.01,100.0,0.9996,0.0607,607.0,339.0,1467.0,10000.0,-3.716242551803589,15.02353572845459,-9.66262435913086
loc,0.125,90,0.009941319860472274,10.029469830404627,0.01,100.0,0.9998,0.0514,514.0,355.0,1378.0,10000.0,-5.714235782623291,-21.074216842651367,-3.6020350456237793
loc,0.125,90,0.009871236208944008,10.06501039746804,0.01,100.0,0.9995,0.0591,591.0,366.0,1469.0,10000.0,-6.542728424072266,15.50649642944336,8.661463737487793
loc,0.125,80,0.007286238427918625,11.715162329403439,0.01,100.0,0.9999,0.0532,532.0,351.0,1421.0,10000.0,7.5239763259887695,-18.683067321777344,3.467453718185425
loc,0.125,80,0.0073350747327498855,11.676097920842496,0.01,100.0,1.0,0.0472,472.0,343.0,1403.0,10000.0,-2.2952704429626465,23.111186981201172,-0.9314823150634766
loc,0.125,80,0.007250043818567444,11.744368899215234,0.01,100.0,0.9996,0.0639,639.0,342.0,1511.0,10000.0,-0.4760570526123047,-12.836081504821777,-10.697080612182617
loc,0.125,80,0.007206355743221668,11.779914853212036,0.01,100.0,0.9992,0.0569,569.0,346.0,1443.0,10000.0,-8.490437507629395,-17.696815490722656,0.12023742496967316
loc,0.125,80,0.007296034371482471,11.70729506824888,0.01,100.0,0.9995,0.0592,592.0,344.0,1444.0,10000.0,-7.746563911437988,15.663700103759766,7.556905746459961
loc,0.125,70,0.005161441948447148,13.919206452751876,0.01,100.0,0.9988,0.0621,621.0,360.0,1439.0,10000.0,-1.336411476135254,14.147193908691406,10.691513061523438
loc,0.125,70,0.005167011785368747,13.911702249406634,0.01,100.0,0.9995,0.0537,537.0,359.0,1436.0,10000.0,4.8383588790893555,-18.29874038696289,-7.0376458168029785
loc,0.125,70,0.005119262077610869,13.976432075563704,0.01,100.0,0.9986,0.0657,657.0,347.0,1481.0,10000.0,1.1491413116455078,11.95081615447998,-10.803515434265137
loc,0.125,70,0.005175814803852267,13.899866713063695,0.01,100.0,0.9997,0.0577,577.0,363.0,1433.0,10000.0,-1.99519681930542,-17.07717514038086,8.562933921813965
loc,0.125,70,0.005199223683404647,13.868540172914587,0.01,100.0,0.9991,0.0589,589.0,354.0,1456.0,10000.0,-10.369020462036133,15.451711654663086,-1.7501461505889893
loc,0.125,60,0.003368903758836221,17.228826509588508,0.01,100.0,0.9995,0.0642,642.0,339.0,1483.0,10000.0,-9.12207317352295,-13.412315368652344,-4.031820774078369
loc,0.125,60,0.003388080596323699,17.179998974368086,0.01,100.0,0.9995,0.0607,607.0,327.0,1483.0,10000.0,4.466822147369385,14.552814483642578,9.159209251403809
loc,0.125,60,0.0033907120638789474,17.17333114415416,0.01,100.0,0.9988,0.0669,669.0,335.0,1468.0,10000.0,-6.425036907196045,11.24708366394043,-9.181042671203613
loc,0.125,60,0.0033691969076738502,17.22807696593319,0.01,100.0,0.9972,0.0747,747.0,349.0,1515.0,10000.0,8.528107643127441,-6.4859700202941895,7.357204914093018
loc,0.125,60,0.003393461384902232,17.166372973416568,0.01,100.0,0.9965,0.0774,774.0,352.0,1557.0,10000.0,2.853271961212158,-4.064363956451416,-11.359827041625977
loc,0.125,50,0.0021897910129894866,21.369711815780533,0.01,100.0,0.9981,0.0683,683.0,337.0,1505.0,10000.0,10.266562461853027,11.362340927124023,-2.529785633087158
loc,0.125,50,0.0022065780094414483,21.288269381631174,0.01,100.0,0.9997,0.0571,571.0,368.0,1456.0,10000.0,-6.449986457824707,-17.092626571655273,5.644139289855957
loc,0.125,50,0.0021951137533495254,21.343787313242984,0.01,100.0,0.9989,0.0639,639.0,330.0,1474.0,10000.0,-10.884628295898438,12.128776550292969,2.135166645050049
loc,0.125,50,0.0021744150721333044,21.445134535898596,0.01,100.0,0.9976,0.0726,726.0,338.0,1510.0,10000.0,0.06271743774414062,-7.563077926635742,-11.445550918579102
loc,0.125,50,0.0021953686355976852,21.342548270670363,0.01,100.0,0.999,0.0657,657.0,349.0,1505.0,10000.0,9.498295783996582,-11.427785873413086,4.620082855224609
loc,0.125,40,0.0016539503275244016,24.588881206294733,0.01,100.0,0.9998,0.0637,637.0,350.0,1487.0,10000.0,1.7895907163619995,-13.421857833862305,9.829102516174316
loc,0.125,40,0.0016620621593761052,24.52880377908372,0.01,100.0,0.9979,0.0701,701.0,344.0,1488.0,10000.0,-3.0179433822631836,9.564632415771484,-10.9452543258667
loc,0.125,40,0.001664200988779565,24.513036514710695,0.01,100.0,0.9966,0.07,700.0,340.0,1526.0,10000.0,1.7330461740493774,9.347434043884277,11.257067680358887
loc,0.125,40,0.001652916150752439,24.596572241758718,0.01,100.0,0.999,0.0684,684.0,339.0,1506.0,10000.0,2.3151004314422607,-10.395490646362305,-10.834884643554688
loc,0.125,40,0.0016575632093550764,24.56206920227361,0.01,100.0,0.996,0.0798,798.0,335.0,1560.0,10000.0,-10.81081485748291,-1.377151370048523,2.9577906131744385
loc,0.125,30,0.0013282343807446534,27.438643760214898,0.01,100.0,0.9957,0.077,770.0,343.0,1523.0,10000.0,7.095554351806641,2.439833164215088,-9.238410949707031
loc,0.125,30,0.001327504929178049,27.44618136420248,0.01,100.0,0.9998,0.062,620.0,359.0,1496.0,10000.0,-6.664180755615234,-13.962814331054688,6.667548179626465
loc,0.125,30,0.0013203669272641627,27.520269417734788,0.01,100.0,0.9978,0.0678,678.0,357.0,1542.0,10000.0,-9.940163612365723,10.829005241394043,5.158082962036133
loc,0.125,30,0.0013212197773057046,27.51138578908631,0.01,100.0,0.9959,0.079,790.0,359.0,1559.0,10000.0,7.330645561218262,-2.1708531379699707,9.065422058105469
loc,0.125,30,0.0013255520367123476,27.46639170384499,0.01,100.0,0.9983,0.0711,711.0,345.0,1483.0,10000.0,-4.902853965759277,-9.51374340057373,-9.972432136535645
loc,0.125,20,0.0010552048559061,30.78446492999873,0.01,100.0,0.9963,0.0767,767.0,342.0,1543.0,10000.0,7.264191627502441,-2.4463768005371094,-9.118928909301758
loc,0.125,20,0.001061025474885837,30.69990943808463,0.01,100.0,0.9958,0.0757,757.0,342.0,1494.0,10000.0,-4.842563629150391,6.3598785400390625,10.51280403137207
loc,0.125,20,0.0010610089270696784,30.700148839688016,0.01,100.0,0.9996,0.0606,606.0,345.0,1503.0,10000.0,-8.620064735412598,-15.248392105102539,2.9284234046936035
loc,0.125,20,0.0010619296976765455,30.68683631770163,0.01,100.0,0.9974,0.0708,708.0,333.0,1484.0,10000.0,-9.207670211791992,9.026250839233398,-6.573652267456055
loc,0.125,20,0.0010601808111987642,30.712136567432275,0.01,100.0,0.9972,0.0779,779.0,340.0,1552.0,10000.0,8.604082107543945,-3.50718092918396,7.71770715713501
loc,0.125,10,0.0007267975113587684,37.09311314167898,0.01,100.0,0.9961,0.079,790.0,347.0,1515.0,10000.0,10.822296142578125,-2.5798866748809814,-4.049505233764648
loc,0.125,10,0.000736334166733675,36.852123986822626,0.01,100.0,0.9982,0.0662,662.0,344.0,1478.0,10000.0,-11.014701843261719,11.394758224487305,1.5857362747192383
loc,0.125,10,0.0007312162811943611,36.98086570732165,0.01,100.0,0.9983,0.0648,648.0,354.0,1506.0,10000.0,-4.673966407775879,-12.567997932434082,8.768830299377441
loc,0.125,10,0.0007261981224196989,37.108417929196605,0.01,100.0,0.9962,0.0783,783.0,345.0,1521.0,10000.0,-5.517145156860352,-4.941905975341797,-10.069488525390625
loc,0.125,10,0.0007322998212088205,36.95349639767387,0.01,100.0,0.9955,0.0783,783.0,347.0,1545.0,10000.0,2.0275046825408936,3.27143931388855,11.577744483947754
loc,0.125,5,0.000499561877282615,44.740965879475795,0.01,100.0,0.9952,0.0796,796.0,346.0,1524.0,10000.0,10.241747856140137,-2.1187429428100586,5.527345180511475
loc,0.125,5,0.000489166965323306,45.21384486202057,0.01,100.0,0.9972,0.0721,721.0,333.0,1506.0,10000.0,-10.624690055847168,8.100702285766602,-3.7398881912231445
loc,0.125,5,0.0005169068969086897,43.98391027659729,0.01,100.0,0.9993,0.0683,683.0,350.0,1493.0,10000.0,-8.446248054504395,-10.987894058227539,5.4062910079956055
loc,0.125,5,0.0004879033834239126,45.27235486187293,0.01,100.0,0.9987,0.0693,693.0,338.0,1511.0,10000.0,0.8911640048027039,-9.267438888549805,-11.200868606567383
loc,0.125,5,0.0004821167387791127,45.54323699190607,0.01,100.0,0.9977,0.0744,744.0,354.0,1502.0,10000.0,-2.356715679168701,7.321436882019043,11.35649299621582
loc,0.15,99,0.016996581258701744,7.670421197421994,0.01,100.0,0.9984,0.0465,465.0,402.0,1232.0,10000.0,-2.9891042709350586,-23.80552101135254,1.8283116817474365
loc,0.15,99,0.017841396707678307,7.486616292130617,0.01,100.0,0.9971,0.0487,487.0,389.0,1267.0,10000.0,-7.09150505065918,20.942893981933594,3.2856311798095703
loc,0.15,99,0.015679585967321465,7.986062499765675,0.01,100.0,0.9973,0.0502,502.0,362.0,1304.0,10000.0,-3.3055531978607178,20.095239639282227,7.700734615325928
loc,0.15,99,0.0162975856373699,7.833184648611503,0.01,100.0,0.9972,0.047,470.0,342.0,1296.0,10000.0,2.269907236099243,-22.937021255493164,4.104031562805176
loc,0.15,99,0.01657875911240696,7.7664757282514385,0.01,100.0,0.9982,0.0472,472.0,347.0,1277.0,10000.0,-3.6937530040740967,-22.851293563842773,-3.312788248062134
loc,0.15,95,0.011563250853612152,9.299509155432698,0.01,100.0,0.9975,0.0492,492.0,356.0,1298.0,10000.0,7.058287143707275,-20.48070526123047,-0.29879793524742126
loc,0.15,95,0.011480232398730824,9.333072943916907,0.01,100.0,0.9985,0.0472,472.0,374.0,1275.0,10000.0,-4.1283650398254395,22.61758041381836,3.235865354537964
loc,0.15,95,0.011430134563675098,9.353503829235331,0.01,100.0,0.9968,0.05,500.0,374.0,1276.0,10000.0,-6.652754783630371,-21.104799270629883,-0.3232559263706207
loc,0.15,95,0.011419061369375899,9.35803783010792,0.01,100.0,0.9986,0.0511,511.0,323.0,1321.0,10000.0,3.8730826377868652,19.803070068359375,-5.407337188720703
loc,0.15,95,0.01145941995470441,9.34154439985213,0.01,100.0,0.998,0.0508,508.0,365.0,1313.0,10000.0,-0.44567352533340454,-20.418787002563477,7.189228057861328
loc,0.15,90,0.009880416121476538,10.060333601206109,0.01,100.0,0.9991,0.0482,482.0,347.0,1272.0,10000.0,2.967465400695801,-21.864459991455078,5.154096603393555
loc,0.15,90,0.009871017405250189,10.065121948747864,0.01,100.0,0.9977,0.0458,458.0,349.0,1284.0,10000.0,-2.778642177581787,23.182727813720703,-0.10755400359630585
loc,0.15,90,0.00988609803393378,10.057442159595062,0.01,100.0,0.9956,0.0584,584.0,370.0,1358.0,10000.0,-3.716242551803589,15.02353572845459,-9.66262435913086
loc,0.15,90,0.009941319860472274,10.029469830404627,0.01,100.0,0.9971,0.0502,502.0,368.0,1299.0,10000.0,-5.714235782623291,-21.074216842651367,-3.6020350456237793
loc,0.15,90,0.009871236208944008,10.06501039746804,0.01,100.0,0.997,0.0571,571.0,370.0,1362.0,10000.0,-6.542728424072266,15.50649642944336,8.661463737487793
loc,0.15,80,0.007286238427918625,11.715162329403439,0.01,100.0,0.9973,0.0516,516.0,336.0,1325.0,10000.0,7.5239763259887695,-18.683067321777344,3.467453718185425
loc,0.15,80,0.0073350747327498855,11.676097920842496,0.01,100.0,0.9975,0.046,460.0,383.0,1286.0,10000.0,-2.2952704429626465,23.111186981201172,-0.9314823150634766
loc,0.15,80,0.007250043818567444,11.744368899215234,0.01,100.0,0.9961,0.0627,627.0,346.0,1381.0,10000.0,-0.4760570526123047,-12.836081504821777,-10.697080612182617
loc,0.15,80,0.007206355743221668,11.779914853212036,0.01,100.0,0.9981,0.0544,544.0,353.0,1347.0,10000.0,-8.490437507629395,-17.696815490722656,0.12023742496967316
loc,0.15,80,0.007296034371482471,11.70729506824888,0.01,100.0,0.9964,0.0571,571.0,368.0,1329.0,10000.0,-7.746563911437988,15.663700103759766,7.556905746459961
loc,0.15,70,0.005161441948447148,13.919206452751876,0.01,100.0,0.9965,0.0597,597.0,362.0,1354.0,10000.0,-1.336411476135254,14.147193908691406,10.691513061523438
loc,0.15,70,0.005167011785368747,13.911702249406634,0.01,100.0,0.9964,0.0523,523.0,369.0,1321.0,10000.0,4.8383588790893555,-18.29874038696289,-7.0376458168029785
loc,0.15,70,0.005119262077610869,13.976432075563704,0.01,100.0,0.9958,0.064,640.0,337.0,1375.0,10000.0,1.1491413116455078,11.95081615447998,-10.803515434265137
loc,0.15,70,0.005175814803852267,13.899866713063695,0.01,100.0,0.9958,0.0556,556.0,349.0,1346.0,10000.0,-1.99519681930542,-17.07717514038086,8.562933921813965
loc,0.15,70,0.005199223683404647,13.868540172914587,0.01,100.0,0.9954,0.0572,572.0,360.0,1338.0,10000.0,-10.369020462036133,15.451711654663086,-1.7501461505889893
loc,0.15,60,0.003368903758836221,17.228826509588508,0.01,100.0,0.9963,0.0621,621.0,343.0,1325.0,10000.0,-9.12207317352295,-13.412315368652344,-4.031820774078369
loc,0.15,60,0.003388080596323699,17.179998974368086,0.01,100.0,0.9968,0.0591,591.0,363.0,1348.0,10000.0,4.466822147369385,14.552814483642578,9.159209251403809
loc,0.15,60,0.0033907120638789474,17.17333114415416,0.01,100.0,0.9948,0.0651,651.0,348.0,1357.0,10000.0,-6.425036907196045,11.24708366394043,-9.181042671203613
loc,0.15,60,0.0033691969076738502,17.22807696593319,0.01,100.0,0.993,0.0718,718.0,344.0,1397.0,10000.0,8.528107643127441,-6.4859700202941895,7.357204914093018
loc,0.15,60,0.003393461384902232,17.166372973416568,0.01,100.0,0.9935,0.0747,747.0,354.0,1420.0,10000.0,2.853271961212158,-4.064363956451416,-11.359827041625977
loc,0.15,50,0.0021897910129894866,21.369711815780533,0.01,100.0,0.9958,0.066,660.0,349.0,1414.0,10000.0,10.266562461853027,11.362340927124023,-2.529785633087158
loc,0.15,50,0.0022065780094414483,21.288269381631174,0.01,100.0,0.9972,0.055,550.0,351.0,1340.0,10000.0,-6.449986457824707,-17.092626571655273,5.644139289855957
loc,0.15,50,0.0021951137533495254,21.343787313242984,0.01,100.0,0.9938,0.0621,621.0,355.0,1349.0,10000.0,-10.884628295898438,12.128776550292969,2.135166645050049
loc,0.15,50,0.0021744150721333044,21.445134535898596,0.01,100.0,0.9926,0.0704,704.0,342.0,1403.0,10000.0,0.06271743774414062,-7.563077926635742,-11.445550918579102
loc,0.15,50,0.0021953686355976852,21.342548270670363,0.01,100.0,0.9967,0.0631,631.0,353.0,1399.0,10000.0,9.498295783996582,-11.427785873413086,4.620082855224609
loc,0.15,40,0.0016539503275244016,24.588881206294733,0.01,100.0,0.9966,0.061,610.0,349.0,1356.0,10000.0,1.7895907163619995,-13.421857833862305,9.829102516174316
loc,0.15,40,0.0016620621593761052,24.52880377908372,0.01,100.0,0.992,0.0679,679.0,339.0,1360.0,10000.0,-3.0179433822631836,9.564632415771484,-10.9452543258667
loc,0.15,40,0.001664200988779565,24.513036514710695,0.01,100.0,0.9915,0.0673,673.0,352.0,1360.0,10000.0,1.7330461740493774,9.347434043884277,11.257067680358887
loc,0.15,40,0.001652916150752439,24.596572241758718,0.01,100.0,0.9958,0.0663,663.0,346.0,1376.0,10000.0,2.3151004314422607,-10.395490646362305,-10.834884643554688
loc,0.15,40,0.0016575632093550764,24.56206920227361,0.01,100.0,0.9908,0.0783,783.0,343.0,1410.0,10000.0,-10.81081485748291,-1.377151370048523,2.9577906131744385
loc,0.15,30,0.0013282343807446534,27.438643760214898,0.01,100.0,0.9917,0.0756,756.0,361.0,1415.0,10000.0,7.095554351806641,2.439833164215088,-9.238410949707031
loc,0.15,30,0.001327504929178049,27.44618136420248,0.01,100.0,0.9978,0.0603,603.0,368.0,1393.0,10000.0,-6.664180755615234,-13.962814331054688,6.667548179626465
loc,0.15,30,0.0013203669272641627,27.520269417734788,0.01,100.0,0.993,0.066,660.0,362.0,1409.0,10000.0,-9.940163612365723,10.829005241394043,5.158082962036133
loc,0.15,30,0.0013212197773057046,27.51138578908631,0.01,100.0,0.9925,0.0768,768.0,356.0,1418.0,10000.0,7.330645561218262,-2.1708531379699707,9.065422058105469
loc,0.15,30,0.0013255520367123476,27.46639170384499,0.01,100.0,0.9939,0.0695,695.0,351.0,1365.0,10000.0,-4.902853965759277,-9.51374340057373,-9.972432136535645
loc,0.15,20,0.0010552048559061,30.78446492999873,0.01,100.0,0.9924,0.0754,754.0,351.0,1435.0,10000.0,7.264191627502441,-2.4463768005371094,-9.118928909301758
loc,0.15,20,0.001061025474885837,30.69990943808463,0.01,100.0,0.9908,0.0732,732.0,342.0,1363.0,10000.0,-4.842563629150391,6.3598785400390625,10.51280403137207
loc,0.15,20,0.0010610089270696784,30.700148839688016,0.01,100.0,0.9961,0.0581,581.0,347.0,1376.0,10000.0,-8.620064735412598,-15.248392105102539,2.9284234046936035
loc,0.15,20,0.0010619296976765455,30.68683631770163,0.01,100.0,0.9944,0.0683,683.0,341.0,1372.0,10000.0,-9.207670211791992,9.026250839233398,-6.573652267456055
loc,0.15,20,0.0010601808111987642,30.712136567432275,0.01,100.0,0.9923,0.0752,752.0,368.0,1407.0,10000.0,8.604082107543945,-3.50718092918396,7.71770715713501
loc,0.15,10,0.0007267975113587684,37.09311314167898,0.01,100.0,0.9922,0.0762,762.0,346.0,1395.0,10000.0,10.822296142578125,-2.5798866748809814,-4.049505233764648
loc,0.15,10,0.000736334166733675,36.852123986822626,0.01,100.0,0.9948,0.0639,639.0,355.0,1366.0,10000.0,-11.014701843261719,11.394758224487305,1.5857362747192383
loc,0.15,10,0.0007312162811943611,36.98086570732165,0.01,100.0,0.9966,0.0635,635.0,357.0,1382.0,10000.0,-4.673966407775879,-12.567997932434082,8.768830299377441
loc,0.15,10,0.0007261981224196989,37.108417929196605,0.01,100.0,0.9935,0.0772,772.0,347.0,1421.0,10000.0,-5.517145156860352,-4.941905975341797,-10.069488525390625
loc,0.15,10,0.0007322998212088205,36.95349639767387,0.01,100.0,0.9916,0.0765,765.0,335.0,1405.0,10000.0,2.0275046825408936,3.27143931388855,11.577744483947754
loc,0.15,5,0.000499561877282615,44.740965879475795,0.01,100.0,0.9931,0.0777,777.0,346.0,1377.0,10000.0,10.241747856140137,-2.1187429428100586,5.527345180511475
loc,0.15,5,0.000489166965323306,45.21384486202057,0.01,100.0,0.993,0.0688,688.0,333.0,1360.0,10000.0,-10.624690055847168,8.100702285766602,-3.7398881912231445
loc,0.15,5,0.0005169068969086897,43.98391027659729,0.01,100.0,0.9956,0.0653,653.0,347.0,1361.0,10000.0,-8.446248054504395,-10.987894058227539,5.4062910079956055
loc,0.15,5,0.0004879033834239126,45.27235486187293,0.01,100.0,0.9949,0.0696,696.0,350.0,1396.0,10000.0,0.8911640048027039,-9.267438888549805,-11.200868606567383
loc,0.15,5,0.0004821167387791127,45.54323699190607,0.01,100.0,0.9921,0.071,710.0,358.0,1402.0,10000.0,-2.356715679168701,7.321436882019043,11.35649299621582
loc,0.175,99,0.016996581258701744,7.670421197421994,0.01,100.0,0.9417,0.0437,437.0,408.0,729.0,10000.0,-2.9891042709350586,-23.80552101135254,1.8283116817474365
loc,0.175,99,0.017841396707678307,7.486616292130617,0.01,100.0,0.9451,0.0441,441.0,369.0,1019.0,10000.0,-7.09150505065918,20.942893981933594,3.2856311798095703
loc,0.175,99,0.015679585967321465,7.986062499765675,0.01,100.0,0.8991,0.0456,456.0,447.0,947.0,10000.0,-3.3055531978607178,20.095239639282227,7.700734615325928
loc,0.175,99,0.0162975856373699,7.833184648611503,0.01,100.0,0.9663,0.0424,424.0,365.0,1120.0,10000.0,2.269907236099243,-22.937021255493164,4.104031562805176
loc,0.175,99,0.01657875911240696,7.7664757282514385,0.01,100.0,0.9699,0.0427,427.0,382.0,1088.0,10000.0,-3.6937530040740967,-22.851293563842773,-3.312788248062134
loc,0.175,95,0.011563250853612152,9.299509155432698,0.01,100.0,0.9552,0.0472,472.0,372.0,939.0,10000.0,7.058287143707275,-20.48070526123047,-0.29879793524742126
loc,0.175,95,0.011480232398730824,9.333072943916907,0.01,100.0,0.9292,0.041,410.0,405.0,989.0,10000.0,-4.1283650398254395,22.61758041381836,3.235865354537964
loc,0.175,95,0.011430134563675098,9.353503829235331,0.01,100.0,0.9335,0.0457,457.0,392.0,938.0,10000.0,-6.652754783630371,-21.104799270629883,-0.3232559263706207
loc,0.175,95,0.011419061369375899,9.35803783010792,0.01,100.0,0.9636,0.0474,474.0,345.0,956.0,10000.0,3.8730826377868652,19.803070068359375,-5.407337188720703
loc,0.175,95,0.01145941995470441,9.34154439985213,0.01,100.0,0.9597,0.0473,473.0,426.0,1072.0,10000.0,-0.44567352533340454,-20.418787002563477,7.189228057861328
loc,0.175,90,0.009880416121476538,10.060333601206109,0.01,100.0,0.9546,0.0439,439.0,424.0,1030.0,10000.0,2.967465400695801,-21.864459991455078,5.154096603393555
loc,0.175,90,0.009871017405250189,10.065121948747864,0.01,100.0,0.9993,0.064,640.0,490.0,703.0,10000.0,-2.778642177581787,23.182727813720703,-0.10755400359630585
loc,0.175,90,0.00988609803393378,10.057442159595062,0.01,100.0,0.934,0.0498,498.0,387.0,1043.0,10000.0,-3.716242551803589,15.02353572845459,-9.66262435913086
loc,0.175,90,0.009941319860472274,10.029469830404627,0.01,100.0,0.958,0.0462,462.0,398.0,1090.0,10000.0,-5.714235782623291,-21.074216842651367,-3.6020350456237793
loc,0.175,90,0.009871236208944008,10.06501039746804,0.01,100.0,0.915,0.0469,469.0,386.0,1034.0,10000.0,-6.542728424072266,15.50649642944336,8.661463737487793
loc,0.175,80,0.007286238427918625,11.715162329403439,0.01,100.0,0.9597,0.0448,448.0,350.0,1026.0,10000.0,7.5239763259887695,-18.683067321777344,3.467453718185425
loc,0.175,80,0.0073350747327498855,11.676097920842496,0.01,100.0,0.9612,0.0417,417.0,367.0,1034.0,10000.0,-2.2952704429626465,23.111186981201172,-0.9314823150634766
loc,0.175,80,0.007250043818567444,11.744368899215234,0.01,100.0,1.0,0.0649,649.0,982.0,654.0,10000.0,-0.4760570526123047,-12.836081504821777,-10.697080612182617
loc,0.175,80,0.007206355743221668,11.779914853212036,0.01,100.0,1.0,0.0537,537.0,1776.0,883.0,10000.0,-8.490437507629395,-17.696815490722656,0.12023742496967316
loc,0.175,80,0.007296034371482471,11.70729506824888,0.01,100.0,1.0,0.0601,601.0,1548.0,907.0,10000.0,-7.746563911437988,15.663700103759766,7.556905746459961
loc,0.175,70,0.005161441948447148,13.919206452751876,0.01,100.0,0.9108,0.0491,491.0,426.0,993.0,10000.0,-1.336411476135254,14.147193908691406,10.691513061523438
loc,0.175,70,0.005167011785368747,13.911702249406634,0.01,100.0,0.9255,0.0483,483.0,333.0,809.0,10000.0,4.8383588790893555,-18.29874038696289,-7.0376458168029785
loc,0.175,70,0.005119262077610869,13.976432075563704,0.01,100.0,0.9282,0.0563,563.0,378.0,1050.0,10000.0,1.1491413116455078,11.95081615447998,-10.803515434265137
loc,0.175,70,0.005175814803852267,13.899866713063695,0.01,100.0,0.9368,0.0544,544.0,377.0,854.0,10000.0,-1.99519681930542,-17.07717514038086,8.562933921813965
loc,0.175,70,0.005199223683404647,13.868540172914587,0.01,100.0,0.8854,0.0495,495.0,383.0,634.0,10000.0,-10.369020462036133,15.451711654663086,-1.7501461505889893
loc,0.175,60,0.003368903758836221,17.228826509588508,0.01,100.0,0.953,0.055,550.0,358.0,978.0,10000.0,-9.12207317352295,-13.412315368652344,-4.031820774078369
loc,0.175,60,0.003388080596323699,17.179998974368086,0.01,100.0,0.9994,0.0487,487.0,1008.0,779.0,10000.0,4.466822147369385,14.552814483642578,9.159209251403809
loc,0.175,60,0.0033907120638789474,17.17333114415416,0.01,100.0,0.9111,0.0589,589.0,364.0,809.0,10000.0,-6.425036907196045,11.24708366394043,-9.181042671203613
loc,0.175,60,0.0033691969076738502,17.22807696593319,0.01,100.0,0.9177,0.0689,689.0,389.0,786.0,10000.0,8.528107643127441,-6.4859700202941895,7.357204914093018
loc,0.175,60,0.003393461384902232,17.166372973416568,0.01,100.0,0.918,0.0692,692.0,368.0,1098.0,10000.0,2.853271961212158,-4.064363956451416,-11.359827041625977
loc,0.175,50,0.0021897910129894866,21.369711815780533,0.01,100.0,0.9433,0.0643,643.0,388.0,942.0,10000.0,10.266562461853027,11.362340927124023,-2.529785633087158
loc,0.175,50,0.0022065780094414483,21.288269381631174,0.01,100.0,0.9437,0.0517,517.0,378.0,1003.0,10000.0,-6.449986457824707,-17.092626571655273,5.644139289855957
loc,0.175,50,0.0021951137533495254,21.343787313242984,0.01,100.0,0.9031,0.0478,478.0,393.0,992.0,10000.0,-10.884628295898438,12.128776550292969,2.135166645050049
loc,0.175,50,0.0021744150721333044,21.445134535898596,0.01,100.0,0.8963,0.06,600.0,359.0,985.0,10000.0,0.06271743774414062,-7.563077926635742,-11.445550918579102
loc,0.175,50,0.0021953686355976852,21.342548270670363,0.01,100.0,0.9008,0.0511,511.0,386.0,991.0,10000.0,9.498295783996582,-11.427785873413086,4.620082855224609
loc,0.175,40,0.0016539503275244016,24.588881206294733,0.01,100.0,1.0,0.0587,587.0,748.0,873.0,10000.0,1.7895907163619995,-13.421857833862305,9.829102516174316
loc,0.175,40,0.0016620621593761052,24.52880377908372,0.01,100.0,0.9199,0.069,690.0,365.0,867.0,10000.0,-3.0179433822631836,9.564632415771484,-10.9452543258667
loc,0.175,40,0.001664200988779565,24.513036514710695,0.01,100.0,0.8526,0.0501,501.0,405.0,681.0,10000.0,1.7330461740493774,9.347434043884277,11.257067680358887
loc,0.175,40,0.001652916150752439,24.596572241758718,0.01,100.0,0.9255,0.0755,755.0,404.0,672.0,10000.0,2.3151004314422607,-10.395490646362305,-10.834884643554688
loc,0.175,40,0.0016575632093550764,24.56206920227361,0.01,100.0,0.9493,0.0745,745.0,368.0,989.0,10000.0,-10.81081485748291,-1.377151370048523,2.9577906131744385
loc,0.175,30,0.0013282343807446534,27.438643760214898,0.01,100.0,0.9237,0.0692,692.0,373.0,998.0,10000.0,7.095554351806641,2.439833164215088,-9.238410949707031
loc,0.175,30,0.001327504929178049,27.44618136420248,0.01,100.0,0.9634,0.0548,548.0,360.0,1069.0,10000.0,-6.664180755615234,-13.962814331054688,6.667548179626465
loc,0.175,30,0.0013203669272641627,27.520269417734788,0.01,100.0,0.9292,0.0524,524.0,318.0,1040.0,10000.0,-9.940163612365723,10.829005241394043,5.158082962036133
loc,0.175,30,0.0013212197773057046,27.51138578908631,0.01,100.0,0.8724,0.0737,737.0,404.0,665.0,10000.0,7.330645561218262,-2.1708531379699707,9.065422058105469
loc,0.175,30,0.0013255520367123476,27.46639170384499,0.01,100.0,0.9406,0.0635,635.0,379.0,899.0,10000.0,-4.902853965759277,-9.51374340057373,-9.972432136535645
loc,0.175,20,0.0010552048559061,30.78446492999873,0.01,100.0,0.9735,0.0697,697.0,359.0,1243.0,10000.0,7.264191627502441,-2.4463768005371094,-9.118928909301758
loc,0.175,20,0.001061025474885837,30.69990943808463,0.01,100.0,0.9239,0.0665,665.0,380.0,954.0,10000.0,-4.842563629150391,6.3598785400390625,10.51280403137207
loc,0.175,20,0.0010610089270696784,30.700148839688016,0.01,100.0,0.9392,0.057,570.0,373.0,777.0,10000.0,-8.620064735412598,-15.248392105102539,2.9284234046936035
loc,0.175,20,0.0010619296976765455,30.68683631770163,0.01,100.0,0.94,0.0623,623.0,376.0,825.0,10000.0,-9.207670211791992,9.026250839233398,-6.573652267456055
loc,0.175,20,0.0010601808111987642,30.712136567432275,0.01,100.0,0.8658,0.0719,719.0,381.0,805.0,10000.0,8.604082107543945,-3.50718092918396,7.71770715713501
loc,0.175,10,0.0007267975113587684,37.09311314167898,0.01,100.0,0.9486,0.0727,727.0,375.0,942.0,10000.0,10.822296142578125,-2.5798866748809814,-4.049505233764648
loc,0.175,10,0.000736334166733675,36.852123986822626,0.01,100.0,0.9116,0.0538,538.0,342.0,965.0,10000.0,-11.014701843261719,11.394758224487305,1.5857362747192383
loc,0.175,10,0.0007312162811943611,36.98086570732165,0.01,100.0,0.9587,0.0595,595.0,368.0,1109.0,10000.0,-4.673966407775879,-12.567997932434082,8.768830299377441
loc,0.175,10,0.0007261981224196989,37.108417929196605,0.01,100.0,0.9016,0.0642,642.0,390.0,808.0,10000.0,-5.517145156860352,-4.941905975341797,-10.069488525390625
loc,0.175,10,0.0007322998212088205,36.95349639767387,0.01,100.0,1.0,0.0637,637.0,984.0,573.0,10000.0,2.0275046825408936,3.27143931388855,11.577744483947754
loc,0.175,5,0.000499561877282615,44.740965879475795,0.01,100.0,1.0,0.055,550.0,826.0,624.0,10000.0,10.241747856140137,-2.1187429428100586,5.527345180511475
loc,0.175,5,0.000489166965323306,45.21384486202057,0.01,100.0,0.9459,0.0586,586.0,339.0,1134.0,10000.0,-10.624690055847168,8.100702285766602,-3.7398881912231445
loc,0.175,5,0.0005169068969086897,43.98391027659729,0.01,100.0,0.9574,0.0634,634.0,369.0,1112.0,10000.0,-8.446248054504395,-10.987894058227539,5.4062910079956055
loc,0.175,5,0.0004879033834239126,45.27235486187293,0.01,100.0,1.0,0.0683,683.0,1405.0,929.0,10000.0,0.8911640048027039,-9.267438888549805,-11.200868606567383
loc,0.175,5,0.0004821167387791127,45.54323699190607,0.01,100.0,1.0,0.0578,578.0,1962.0,1002.0,10000.0,-2.356715679168701,7.321436882019043,11.35649299621582
sweep,0.15,99,0.016996581258701744,7.670421197421994,0.004,40.0,0.9979,0.0469,469.0,394.0,1027.0,10000.0,-2.9891042709350586,-23.80552101135254,1.8283116817474365
sweep,0.15,99,0.016996581258701744,7.670421197421994,0.006,60.0,0.9977,0.0472,472.0,393.0,1104.0,10000.0,-2.9891042709350586,-23.80552101135254,1.8283116817474365
sweep,0.15,99,0.016996581258701744,7.670421197421994,0.008,80.0,0.9977,0.0468,468.0,391.0,1202.0,10000.0,-2.9891042709350586,-23.80552101135254,1.8283116817474365
sweep,0.15,99,0.016996581258701744,7.670421197421994,0.01,100.0,0.9984,0.0465,465.0,402.0,1232.0,10000.0,-2.9891042709350586,-23.80552101135254,1.8283116817474365
sweep,0.15,99,0.016996581258701744,7.670421197421994,0.0125,125.0,0.998,0.047,470.0,391.0,1311.0,10000.0,-2.9891042709350586,-23.80552101135254,1.8283116817474365
sweep,0.15,99,0.016996581258701744,7.670421197421994,0.015,150.0,0.9973,0.047,470.0,383.0,1402.0,10000.0,-2.9891042709350586,-23.80552101135254,1.8283116817474365
sweep,0.15,99,0.016996581258701744,7.670421197421994,0.02,200.0,0.9972,0.0472,472.0,382.0,1545.0,10000.0,-2.9891042709350586,-23.80552101135254,1.8283116817474365
sweep,0.15,99,0.016996581258701744,7.670421197421994,0.03,300.0,0.9975,0.0469,469.0,383.0,1726.0,10000.0,-2.9891042709350586,-23.80552101135254,1.8283116817474365
sweep,0.15,50,0.0021897910129894866,21.369711815780533,0.004,40.0,0.995,0.0672,672.0,351.0,1105.0,10000.0,10.266562461853027,11.362340927124023,-2.529785633087158
sweep,0.15,50,0.0021897910129894866,21.369711815780533,0.006,60.0,0.9953,0.0668,668.0,351.0,1241.0,10000.0,10.266562461853027,11.362340927124023,-2.529785633087158
sweep,0.15,50,0.0021897910129894866,21.369711815780533,0.008,80.0,0.9956,0.0669,669.0,352.0,1316.0,10000.0,10.266562461853027,11.362340927124023,-2.529785633087158
sweep,0.15,50,0.0021897910129894866,21.369711815780533,0.01,100.0,0.9958,0.066,660.0,349.0,1414.0,10000.0,10.266562461853027,11.362340927124023,-2.529785633087158
sweep,0.15,50,0.0021897910129894866,21.369711815780533,0.0125,125.0,0.9965,0.0666,666.0,343.0,1486.0,10000.0,10.266562461853027,11.362340927124023,-2.529785633087158
sweep,0.15,50,0.0021897910129894866,21.369711815780533,0.015,150.0,0.9941,0.0665,665.0,337.0,1543.0,10000.0,10.266562461853027,11.362340927124023,-2.529785633087158
sweep,0.15,50,0.0021897910129894866,21.369711815780533,0.02,200.0,0.9959,0.0665,665.0,343.0,1736.0,10000.0,10.266562461853027,11.362340927124023,-2.529785633087158
sweep,0.15,50,0.0021897910129894866,21.369711815780533,0.03,300.0,0.996,0.067,670.0,332.0,1995.0,10000.0,10.266562461853027,11.362340927124023,-2.529785633087158
sweep,0.15,5,0.000499561877282615,44.740965879475795,0.004,40.0,0.9927,0.078,780.0,351.0,1041.0,10000.0,10.241747856140137,-2.1187429428100586,5.527345180511475
sweep,0.15,5,0.000499561877282615,44.740965879475795,0.006,60.0,0.9908,0.0779,779.0,351.0,1178.0,10000.0,10.241747856140137,-2.1187429428100586,5.527345180511475
sweep,0.15,5,0.000499561877282615,44.740965879475795,0.008,80.0,0.9919,0.0781,781.0,349.0,1293.0,10000.0,10.241747856140137,-2.1187429428100586,5.527345180511475
sweep,0.15,5,0.000499561877282615,44.740965879475795,0.01,100.0,0.9931,0.0777,777.0,346.0,1377.0,10000.0,10.241747856140137,-2.1187429428100586,5.527345180511475
sweep,0.15,5,0.000499561877282615,44.740965879475795,0.0125,125.0,0.9927,0.078,780.0,344.0,1490.0,10000.0,10.241747856140137,-2.1187429428100586,5.527345180511475
sweep,0.15,5,0.000499561877282615,44.740965879475795,0.015,150.0,0.9931,0.0784,784.0,348.0,1560.0,10000.0,10.241747856140137,-2.1187429428100586,5.527345180511475
sweep,0.15,5,0.000499561877282615,44.740965879475795,0.02,200.0,0.9924,0.0777,777.0,343.0,1739.0,10000.0,10.241747856140137,-2.1187429428100586,5.527345180511475
sweep,0.15,5,0.000499561877282615,44.740965879475795,0.03,300.0,0.9933,0.078,780.0,336.0,2031.0,10000.0,10.241747856140137,-2.1187429428100586,5.527345180511475
